timestamp,temperature,vibration,energy_usage,fault
2023-01-01 00:00:00,25.248357076505616,0.34630887737658206,106.99677718293,0.0
2023-01-01 01:00:00,24.93086784941441,0.3954708320235065,104.62316841456385,0.0
2023-01-01 02:00:00,25.323844269050348,0.2300716213090429,100.29815184960087,0.0
2023-01-01 03:00:00,25.76151492820401,0.3281484618345285,96.76531611147213,0.0
2023-01-01 04:00:00,24.882923312638333,0.26746787154390866,103.49111656806795,0.0
2023-01-01 05:00:00,24.88293152152541,0.2756437308117652,101.96742692710875,0.0
2023-01-01 06:00:00,25.789606407753695,0.27038030378805655,104.47596610013866,0.0
2023-01-01 07:00:00,25.383717364576455,0.2568004615160092,103.17585900840984,0.0
2023-01-01 08:00:00,24.765262807032524,0.30242608139724136,105.24776357659667,0.0
2023-01-01 09:00:00,32.95218091383927,0.3978245589282591,112.38792630644124,1.0
2023-01-01 10:00:00,24.76829115359377,0.31352284128899194,106.58697032817163,0.0
2023-01-01 11:00:00,24.76713512321487,0.29748809452754316,100.987998023462,0.0
2023-01-01 12:00:00,25.120981135783016,0.2880525976566795,110.37630436312632,0.0
2023-01-01 13:00:00,24.0433598776711,0.2546218168979201,96.55406090955216,0.0
2023-01-01 14:00:00,24.137541083743482,0.27116143347158334,108.67981901582624,0.0
2023-01-01 15:00:00,24.718856235379512,0.33776956129128777,100.98955391731324,0.0
2023-01-01 16:00:00,24.493584439832787,0.32504585938121905,96.74290998192775,0.0
2023-01-01 17:00:00,25.157123666297636,0.2511222377600724,97.58057082972839,0.0
2023-01-01 18:00:00,24.545987962239394,0.3049666152714613,98.3982634590284,0.0
2023-01-01 19:00:00,24.293848149332355,0.33756935616858946,102.12082973200958,0.0
2023-01-01 20:00:00,25.732824384460777,0.21652973594393138,102.6141774401775,0.0
2023-01-01 21:00:00,24.88711184975673,0.3271680096189967,97.13149998030711,0.0
2023-01-01 22:00:00,25.033764102343962,0.2668688120527076,99.87822703869509,0.0
2023-01-01 23:00:00,24.287625906893272,0.32852993342965797,110.71135179305932,0.0
2023-01-02 00:00:00,24.727808637737407,0.2618370421728741,108.63771585050355,0.0
2023-01-02 01:00:00,25.055461294854933,0.20975589496677405,102.18161834837016,0.0
2023-01-02 02:00:00,24.424503211288847,0.21862287810584186,100.190017390841,0.0
2023-01-02 03:00:00,25.187849009172837,0.3024042473330691,100.60015663359131,0.0
2023-01-02 04:00:00,24.6996806550406,0.3129861250860741,103.06758986365209,0.0
2023-01-02 05:00:00,24.854153125103362,0.25478416874477955,94.88603717400797,0.0
2023-01-02 06:00:00,24.6991466938853,0.3319296229388687,98.71311731288327,0.0
2023-01-02 07:00:00,25.92613909225447,0.216923996886552,91.65707963061206,0.0
2023-01-02 08:00:00,24.993251387631034,0.2966960100676342,101.99611561302639,0.0
2023-01-02 09:00:00,24.47114453552205,0.23944919001187714,103.2359796985137,0.0
2023-01-02 10:00:00,25.411272456051595,0.267408194609892,97.58406768850313,0.0
2023-01-02 11:00:00,24.38957817501449,0.3023699335658207,107.86993381645016,0.0
2023-01-02 12:00:00,25.10443179750238,0.25697933173580234,93.8711716849883,0.0
2023-01-02 13:00:00,24.020164938060113,0.2807722227885087,92.6781255989509,0.0
2023-01-02 14:00:00,24.335906975550785,0.350314640460722,101.12225909279987,0.0
2023-01-02 15:00:00,25.09843061793456,0.27115540652384257,105.23549151306077,0.0
2023-01-02 16:00:00,25.369233289997705,0.3417846056032571,108.41963845728934,0.0
2023-01-02 17:00:00,25.085684140594985,0.24351465726711907,97.7055786856553,0.0
2023-01-02 18:00:00,24.94217585880588,0.32649020889576413,105.39340416715648,0.0
2023-01-02 19:00:00,24.849448152205355,0.372078431032895,99.80745765249647,0.0
2023-01-02 20:00:00,24.260739004816287,0.17641777499363553,99.1368635002959,0.0
2023-01-02 21:00:00,24.640077895802644,0.26015523722647615,104.41829968743336,0.0
2023-01-02 22:00:00,24.769680614520105,0.328853606359027,103.2616143920671,0.0
2023-01-02 23:00:00,25.528561113109458,0.28984773069785036,92.11803921507875,0.0
2023-01-03 00:00:00,25.17180914478423,0.31855729366856544,107.38270174862947,0.0
2023-01-03 01:00:00,24.118479922318635,0.26980074066420895,106.90045677073726,0.0
2023-01-03 02:00:00,25.162041984697396,0.304329489373645,96.87218649245236,0.0
2023-01-03 03:00:00,24.807458859791844,0.292216138230396,101.97901766718705,0.0
2023-01-03 04:00:00,24.66153899984702,0.3583891030829904,102.4701509314137,0.0
2023-01-03 05:00:00,25.305838144420434,0.31272104216506064,101.30336882911953,0.0
2023-01-03 06:00:00,25.515499761247977,0.3168801331037601,97.2484742307729,0.0
2023-01-03 07:00:00,25.465640059558098,0.2794061516938766,96.64188316030975,0.0
2023-01-03 08:00:00,24.580391238388682,0.27561968879637533,99.87222964504278,0.0
2023-01-03 09:00:00,24.84539381207439,0.27837209060901896,105.86364509629682,0.0
2023-01-03 10:00:00,25.16563171570178,0.3197226071189148,102.71800077297216,0.0
2023-01-03 11:00:00,25.48777256356118,0.2789507759589868,98.14692833956947,0.0
2023-01-03 12:00:00,24.760412881077354,0.31448874284482065,103.85849355324173,0.0
2023-01-03 13:00:00,24.90717051166809,0.40377003993227195,85.75728689684962,0.0
2023-01-03 14:00:00,24.446832512996984,0.3435562351715846,105.74382850186052,0.0
2023-01-03 15:00:00,24.401896687959663,0.28369882339160796,91.3014311061095,0.0
2023-01-03 16:00:00,25.4062629111971,0.36006069610819724,98.18779529298433,0.0
2023-01-03 17:00:00,25.678120014285412,0.2795962313489224,94.40165052686928,0.0
2023-01-03 18:00:00,24.963994939209833,0.19809377324110727,93.52659262139547,0.0
2023-01-03 19:00:00,25.50176644894601,0.24959568445412977,105.8041339368926,0.0
2023-01-03 20:00:00,25.18081801252382,0.20646040394870718,97.66149399344054,0.0
2023-01-03 21:00:00,24.677440122697437,0.28242432579793453,101.73251940865357,0.0
2023-01-03 22:00:00,25.180697802754207,0.3009209189594776,99.76539710560408,0.0
2023-01-03 23:00:00,25.769018283232985,0.38382186561376413,102.3852041361156,0.0
2023-01-04 00:00:00,24.982086980445025,0.31634636868820815,100.38410945530127,0.0
2023-01-04 01:00:00,25.782321827907005,0.2890449735595568,93.58503887905715,0.0
2023-01-04 02:00:00,23.690127447955128,0.34147027905917443,104.9813340972357,0.0
2023-01-04 03:00:00,25.410951252187612,0.1894432345496057,97.53121708419344,0.0
2023-01-04 04:00:00,25.043523534119085,0.31178072790542827,92.21709050670124,0.0
2023-01-04 05:00:00,24.850496324767064,0.33854325969434834,97.85942419517043,0.0
2023-01-04 06:00:00,25.04588038826775,0.2260706877110079,107.50379895317155,0.0
2023-01-04 07:00:00,24.006215542699554,0.35718770216034645,104.25110871056746,0.0
2023-01-04 08:00:00,24.890164056081243,0.3169248203747207,98.2567393279607,0.0
2023-01-04 09:00:00,25.178556285755874,0.2792356043049599,98.25371147840785,0.0
2023-01-04 10:00:00,25.73894702237076,0.3316390933053142,98.39182474391309,0.0
2023-01-04 11:00:00,24.740864890863175,0.4135346428902198,110.3837399178042,0.0
2023-01-04 12:00:00,24.595753198553407,0.30909331275292473,101.90967726115777,0.0
2023-01-04 13:00:00,24.74912147820773,0.3124110293150168,102.15020823595535,0.0
2023-01-04 14:00:00,25.457701058851036,0.2770319550229878,105.15141727015921,0.0
2023-01-04 15:00:00,25.164375554829842,0.2575077815267604,101.19394579513256,0.0
2023-01-04 16:00:00,24.73511989811648,0.34151679082721226,98.70478927089648,0.0
2023-01-04 17:00:00,25.256633716556678,0.2571958087045566,99.0182507545751,0.0
2023-01-04 18:00:00,25.04853877467402,0.3035783118609696,99.64199370292968,0.0
2023-01-04 19:00:00,25.484322495266444,0.2761171276617442,99.81388881745079,0.0
2023-01-04 20:00:00,24.648973453061323,0.3239489912873196,103.6381477181849,0.0
2023-01-04 21:00:00,24.836168926701117,0.3166831052643474,100.2597294290365,0.0
2023-01-04 22:00:00,24.803945923433922,0.35187699721289495,103.66320038607789,0.0
2023-01-04 23:00:00,28.94797693480066,0.8762441847032494,118.47213719041669,1.0
2023-01-05 00:00:00,25.148060138532287,0.2865062532353314,100.39317595158045,0.0
2023-01-05 01:00:00,25.130527636089944,0.25106181421088464,90.00899657733946,0.0
2023-01-05 02:00:00,25.00255672832123,0.2777853369961944,104.5816383735124,0.0
2023-01-05 03:00:00,24.882706433312425,0.3188650246522426,101.73244237948997,0.0
2023-01-05 04:00:00,24.292314628974793,0.3378494308322676,104.99005054929826,0.0
2023-01-05 05:00:00,24.78967733861732,0.25389173379111873,85.51872310903155,0.0
2023-01-05 06:00:00,29.210224587636887,0.8313481332423589,119.68279651725712,1.0
2023-01-05 07:00:00,24.59886136538919,0.36778189294024755,99.30205185922414,0.0
2023-01-05 08:00:00,24.919357144166995,0.320671745161185,105.54091408368758,0.0
2023-01-05 09:00:00,25.202025428407268,0.3938397906279033,94.80047036437234,0.0
2023-01-05 10:00:00,25.943092950605266,0.26131054004482135,103.06386952531285,0.0
2023-01-05 11:00:00,25.08728890641592,0.23776726483442914,94.73292218413172,0.0
2023-01-05 12:00:00,25.12877519536138,0.21106398755478606,96.88115519652098,0.0
2023-01-05 13:00:00,24.962777042116915,0.37480221557445914,109.57015676933393,0.0
2023-01-05 14:00:00,24.04061439235048,0.3327182828177029,99.04658799618326,0.0
2023-01-05 15:00:00,24.98674306227539,0.29722076645447726,101.08716436589862,0.0
2023-01-05 16:00:00,25.030115104970513,0.313998431315991,104.35033865344377,0.0
2023-01-05 17:00:00,26.231621056242645,0.24372554763508117,102.47840943986303,0.0
2023-01-05 18:00:00,24.90381951760944,0.42228759898084134,100.75209452571788,0.0
2023-01-05 19:00:00,25.150773671166807,0.30646105909876137,101.82480501233113,0.0
2023-01-05 20:00:00,24.982644115147377,0.30546973973024466,112.01707792619138,0.0
2023-01-05 21:00:00,24.415660981190236,0.33628833119493456,99.71190601483207,0.0
2023-01-05 22:00:00,25.57141140725751,0.32405046158683565,101.00549523357483,0.0
2023-01-05 23:00:00,25.375966516343386,0.3111942012139566,105.25327198003806,0.0
2023-01-06 00:00:00,25.395515973521523,0.26047627722773437,105.52762966478991,0.0
2023-01-06 01:00:00,24.54530627260263,0.32357341785679977,105.9351515278019,0.0
2023-01-06 02:00:00,25.70139715546805,0.39410122482375165,103.19365111014592,0.0
2023-01-06 03:00:00,24.29907446860386,0.3672710023077489,94.28497543634758,0.0
2023-01-06 04:00:00,25.293428546900135,0.37965933133196983,108.16715766150548,0.0
2023-01-06 05:00:00,26.09522781290499,0.27443921617844075,94.26827303490656,0.0
2023-01-06 06:00:00,24.504731837434655,0.25051975898707096,101.51317732619516,0.0
2023-01-06 07:00:00,24.716851135198613,0.29371065399501756,96.22862074990321,0.0
2023-01-06 08:00:00,25.04982568254382,0.30278624561443473,99.67930826703504,0.0
2023-01-06 09:00:00,24.7482621729419,0.3547095759235474,101.6438120515174,0.0
2023-01-06 10:00:00,24.224668284466933,0.21537676851425902,101.60678607725137,0.0
2023-01-06 11:00:00,25.034281487403014,0.3764775159730307,102.10960377117642,0.0
2023-01-06 12:00:00,24.46884814313695,0.29209960507105054,108.06855634529323,0.0
2023-01-06 13:00:00,25.23679621531759,0.278655946502629,102.2676715075699,0.0
2023-01-06 14:00:00,28.035975071701934,0.607713427854899,115.18345022733466,1.0
2023-01-06 15:00:00,25.77496720250877,0.2172571664067115,104.82043584144179,0.0
2023-01-06 16:00:00,24.608373353831883,0.34115852919809575,105.9473524446232,0.0
2023-01-06 17:00:00,24.83896924189716,0.3036658983594202,93.86196092431504,0.0
2023-01-06 18:00:00,25.406758608684836,0.2355019550129473,102.98700034924929,0.0
2023-01-06 19:00:00,24.38456784178302,0.2352460613968192,103.5058637115545,0.0
2023-01-06 20:00:00,25.113729967302064,0.2832107650354936,98.51218248320004,0.0
2023-01-06 21:00:00,25.653571377141215,0.3834510762644696,106.8785340665581,0.0
2023-01-06 22:00:00,24.196258382719385,0.28702043243181974,99.24972206483737,0.0
2023-01-06 23:00:00,25.09231692926615,0.22484285234409468,100.6278822673577,0.0
2023-01-07 00:00:00,25.129941397124213,0.28771284679570275,99.13464087858065,0.0
2023-01-07 01:00:00,25.390911435888654,0.28636382151261647,100.07789523790734,0.0
2023-01-07 02:00:00,24.381524644560958,0.1651556678529214,94.518624565524,0.0
2023-01-07 03:00:00,24.339771693457863,0.2972852566741094,92.79974558702853,0.0
2023-01-07 04:00:00,25.26097078280845,0.28845327348956606,107.97252531612486,0.0
2023-01-07 05:00:00,25.14849233661659,0.3348103182406709,95.76519325840836,0.0
2023-01-07 06:00:00,25.12524642517294,0.39244780474726726,95.04303825271846,0.0
2023-01-07 07:00:00,25.17322410474849,0.3563282514773879,89.23304943198143,0.0
2023-01-07 08:00:00,24.659987639210755,0.28655556547225847,96.8051912615525,0.0
2023-01-07 09:00:00,25.116126848580503,0.24467370456291648,93.3845510329625,0.0
2023-01-07 10:00:00,25.14653623664934,0.428667990162493,108.21007580068185,0.0
2023-01-07 11:00:00,24.642824290986816,0.3029609217007244,105.04908544671318,0.0
2023-01-07 12:00:00,28.017784256642518,1.1809346017462488,112.10328714703495,1.0
2023-01-07 13:00:00,25.236916460455895,0.29879374564449984,111.26217902672154,0.0
2023-01-07 14:00:00,24.404348251398677,0.30990423803839273,104.90882743495797,0.0
2023-01-07 15:00:00,25.328276804316914,0.29278197940380285,98.37584308245688,0.0
2023-01-07 16:00:00,24.51265916488634,0.27131689965598815,87.50297142563214,0.0
2023-01-07 17:00:00,25.393542301871225,0.27265705293798037,111.45471286295371,0.0
2023-01-07 18:00:00,25.579297789503702,0.2983623364892001,93.05213766618202,0.0
2023-01-07 19:00:00,24.589658840824146,0.27282876144331175,91.77300626521554,0.0
2023-01-07 20:00:00,25.481688064622162,0.2643577108661418,105.1128521600482,0.0
2023-01-07 21:00:00,25.20639046346825,0.30532151138459485,112.19876203169636,0.0
2023-01-07 22:00:00,25.411030079997246,0.2872511391289572,106.9213640925526,0.0
2023-01-07 23:00:00,25.948396491326974,0.3751996494291344,102.8195456002618,0.0
2023-01-08 00:00:00,24.877305941998564,0.16745150958034938,102.97377170832642,0.0
2023-01-08 01:00:00,24.623131917821254,0.3545753425961231,104.26707779390154,0.0
2023-01-08 02:00:00,24.55524278518724,0.36230425962488144,103.79464294893383,0.0
2023-01-08 03:00:00,24.59209485751728,0.1963304883795925,101.40595711984687,0.0
2023-01-08 04:00:00,24.96144914529295,0.28286562029598256,100.52100551975938,0.0
2023-01-08 05:00:00,25.170575987408323,0.2814279567002104,99.6870343605024,0.0
2023-01-08 06:00:00,25.13834539966501,0.22962441526410893,96.23017705566662,0.0
2023-01-08 07:00:00,25.413591624518013,0.2611091656204562,98.59662461566613,0.0
2023-01-08 08:00:00,25.006500945938953,0.24447120772670855,91.53521592902307,0.0
2023-01-08 09:00:00,25.726767038578657,0.3876135221711811,99.50830186602624,0.0
2023-01-08 10:00:00,24.86767158338102,0.34678391965737304,95.05704446424541,0.0
2023-01-08 11:00:00,26.36008458329481,0.36357775474970794,94.48205341392115,0.0
2023-01-08 12:00:00,25.312833673882505,0.33608360320216174,100.8994707557674,0.0
2023-01-08 13:00:00,24.57142122179186,0.24354741143913852,106.96001143172299,0.0
2023-01-08 14:00:00,24.464553750969444,0.27377398668601133,104.59158303001156,0.0
2023-01-08 15:00:00,25.241236207621593,0.3244687280613959,92.14749698188412,0.0
2023-01-08 16:00:00,24.888268607337075,0.23889360955540273,95.05185931714831,0.0
2023-01-08 17:00:00,25.357000247046045,0.3356499215086194,104.70385593994108,0.0
2023-01-08 18:00:00,25.23661881228677,0.2879837300920932,95.08756303230845,0.0
2023-01-08 19:00:00,24.963585543671563,0.2812589596225201,98.87683425001488,0.0
2023-01-08 20:00:00,24.576603140965798,0.3355479984101746,102.75026049512276,0.0
2023-01-08 21:00:00,24.242576387657067,0.32221316557430196,95.15827772568183,0.0
2023-01-08 22:00:00,24.77674252396649,0.281951691709046,100.5268775307298,0.0
2023-01-08 23:00:00,25.428199397161737,0.3579664901682124,93.32987252540897,0.0
2023-01-09 00:00:00,25.1070468720651,0.24594683362000513,96.99316178024394,0.0
2023-01-09 01:00:00,24.377130610644006,0.33079678034721316,101.59890967071269,0.0
2023-01-09 02:00:00,26.336245523634105,0.5128278742973211,111.37874649688014,1.0
2023-01-09 03:00:00,25.19265868986442,0.2845226780343005,102.20237368980199,0.0
2023-01-09 04:00:00,24.558071281899434,0.3163066511121059,99.9018110053666,0.0
2023-01-09 05:00:00,25.076862552972763,0.23744432118073483,102.76244977208574,0.0
2023-01-09 06:00:00,25.029104359223,0.34620135096034504,101.11957067032331,0.0
2023-01-09 07:00:00,24.42851485108469,0.2907548931778505,106.82070214986922,0.0
2023-01-09 08:00:00,25.17889368017414,0.27386384897404803,100.62612251323954,0.0
2023-01-09 09:00:00,25.28039226318412,0.35245046129184443,97.85297229437373,0.0
2023-01-09 10:00:00,25.54152562158764,0.26478281547286203,100.61148751516141,0.0
2023-01-09 11:00:00,30.756953184312287,0.7830022653841187,123.10074955997578,1.0
2023-01-09 12:00:00,24.311165316021455,0.2221685413238048,100.24430035162852,0.0
2023-01-09 13:00:00,24.531087480042437,0.33030049756728197,100.20295845601942,0.0
2023-01-09 14:00:00,25.25751763360433,0.23597853237518585,96.49004156096622,0.0
2023-01-09 15:00:00,25.256892975456104,0.38773970909921823,96.68549541224526,0.0
2023-01-09 16:00:00,25.257523843153024,0.19590352960581386,92.98697364100153,0.0
2023-01-09 17:00:00,26.92636574532736,0.3848228184145019,108.74788371593469,0.0
2023-01-09 18:00:00,25.285445255346584,0.31055087336013093,93.78068382304357,0.0
2023-01-09 19:00:00,25.5677828200903,0.2951643444064804,96.53547401102047,0.0
2023-01-09 20:00:00,25.4770008817466,0.2727540456595525,96.40796367215401,0.0
2023-01-09 21:00:00,25.325695625652898,0.31995680571760354,104.47462188472221,0.0
2023-01-09 22:00:00,24.842365377679826,0.2981182648787576,98.52525160853986,0.0
2023-01-09 23:00:00,25.379484610246635,0.3551650941008261,106.23871036336867,0.0
2023-01-10 00:00:00,24.613587392731215,0.305711382433102,96.63254687878066,0.0
2023-01-10 01:00:00,24.881590696629996,0.30751508807309386,101.39497081111901,0.0
2023-01-10 02:00:00,24.75731822608545,0.2818193893893072,95.82326473370121,0.0
2023-01-10 03:00:00,25.04093706969316,0.2971527188139466,110.72574563886694,0.0
2023-01-10 04:00:00,31.32220878920576,0.8196524181789914,112.71935466532327,1.0
2023-01-10 05:00:00,24.066367403704128,0.2144915803671687,101.54910355113513,0.0
2023-01-10 06:00:00,25.343130095187256,0.23259072889471433,103.16888440466049,0.0
2023-01-10 07:00:00,24.193642064405175,0.33716320470113575,102.0689954872575,0.0
2023-01-10 08:00:00,24.764034067105282,0.3085432719063971,99.07356170561145,0.0
2023-01-10 09:00:00,25.544475298483682,0.29080083318236605,99.35089650133287,0.0
2023-01-10 10:00:00,25.03214000954773,0.3009216966532696,100.21905735989554,0.0
2023-01-10 11:00:00,24.461127611035348,0.31737908526808356,99.26498999185756,0.0
2023-01-10 12:00:00,24.642348145370015,0.2730120159845319,104.81939558397455,0.0
2023-01-10 13:00:00,25.339798874467338,0.2610847637298844,111.05261500795676,0.0
2023-01-10 14:00:00,24.63481668414143,0.3097922627548841,97.21254107496082,0.0
2023-01-10 15:00:00,25.108229294790988,0.2510813611192484,93.15098510210461,0.0
2023-01-10 16:00:00,25.022785919951907,0.3204126377857236,99.55858975824373,0.0
2023-01-10 17:00:00,24.674199826197093,0.21487081978810796,112.8985466882716,0.0
2023-01-10 18:00:00,26.07197204466266,0.3514577818662822,95.98162716015135,0.0
2023-01-10 19:00:00,25.316959511159006,0.32362987412065214,108.19558402722033,0.0
2023-01-10 20:00:00,23.987428706671196,0.31280148671569374,108.3885040703822,0.0
2023-01-10 21:00:00,25.093227157384714,0.3491345491972757,97.23205879146003,0.0
2023-01-10 22:00:00,24.669106767615805,0.38327372222312883,102.84491539592638,0.0
2023-01-10 23:00:00,25.426216667398112,0.35071850325090653,108.14198311564269,0.0
2023-01-11 00:00:00,24.60373963078365,0.20795628843341774,98.10436129506256,0.0
2023-01-11 01:00:00,24.942631779266552,0.2360211516632149,98.98209819948819,0.0
2023-01-11 02:00:00,25.25249363949023,0.268759071115216,97.09159543025677,0.0
2023-01-11 03:00:00,25.43287759708506,0.30130455251054167,94.92621634653567,0.0
2023-01-11 04:00:00,24.399851796472113,0.32588295102345616,96.75361227466996,0.0
2023-01-11 05:00:00,24.832749382079527,0.2637128093423267,93.88029866618872,0.0
2023-01-11 06:00:00,24.76252734441952,0.3093383382238539,100.17041734129613,0.0
2023-01-11 07:00:00,24.673335383713145,0.2622308533823339,96.15013384470679,0.0
2023-01-11 08:00:00,25.882727120140547,0.26942410985040255,101.16892955895374,0.0
2023-01-11 09:00:00,25.202490855480477,0.22966694515758887,92.22052176898187,0.0
2023-01-11 10:00:00,24.36955802283248,0.25383833769445474,101.65440116107229,0.0
2023-01-11 11:00:00,25.458930973527387,0.23241576971918332,104.16764480804463,0.0
2023-01-11 12:00:00,26.061078098506318,0.25120633735113335,90.03132178714273,0.0
2023-01-11 13:00:00,25.516232630275574,0.35268208983039195,101.87028284923787,0.0
2023-01-11 14:00:00,24.240315017022994,0.25253005555840286,106.13834496236646,0.0
2023-01-11 15:00:00,24.757882963566875,0.43161910324186953,93.95179490654397,0.0
2023-01-11 16:00:00,25.633455574593313,0.3246658950440445,108.36286193418852,0.0
2023-01-11 17:00:00,24.64616526719061,0.3092418061847437,102.09509504683022,0.0
2023-01-11 18:00:00,25.221909714073114,0.2570821109909393,96.47494072120796,0.0
2023-01-11 19:00:00,25.38731702671467,0.33501549397044955,99.72115461171147,0.0
2023-01-11 20:00:00,24.53653476421096,0.2712181086881113,102.7916345626086,0.0
2023-01-11 21:00:00,24.9702373219691,0.3061004907322681,100.38002695706206,0.0
2023-01-11 22:00:00,23.379366329965464,0.42800422691343976,102.69377996223184,0.0
2023-01-11 23:00:00,24.487806179332853,0.2951970050137675,95.39663203460317,0.0
2023-01-12 00:00:00,24.87371592430342,0.3574636663142838,100.8468041201804,0.0
2023-01-12 01:00:00,24.376108409017576,0.2648411787437056,92.9314275154751,0.0
2023-01-12 02:00:00,25.816205651965817,0.2982505754751519,99.4438696932565,0.0
2023-01-12 03:00:00,24.284929311019685,0.3885400317817755,95.48046179267605,0.0
2023-01-12 04:00:00,24.77997775665151,0.2686516471106116,96.32235028705117,0.0
2023-01-12 05:00:00,25.065370288643045,0.3906224278998464,106.18046587605218,0.0
2023-01-12 06:00:00,25.72063664453306,0.33538759677277374,105.45655060297135,0.0
2023-01-12 07:00:00,24.28206892441028,0.2718766612052866,103.04569060453588,0.0
2023-01-12 08:00:00,25.58158187607748,0.331620386952776,94.5384361766371,0.0
2023-01-12 09:00:00,25.00511653050979,0.3486277224813365,98.41795775152599,0.0
2023-01-12 10:00:00,24.509245674476023,0.33109049811085983,106.06548849989592,0.0
2023-01-12 11:00:00,25.231051737131637,0.22148876400547718,100.70858456819953,0.0
2023-01-12 12:00:00,25.099529847786734,0.26364314120875654,111.59664769990847,0.0
2023-01-12 13:00:00,24.699891561420603,0.28762406822242476,101.96658919697185,0.0
2023-01-12 14:00:00,25.034901042495008,0.2962783285449977,100.96024558245016,0.0
2023-01-12 15:00:00,24.807343201569118,0.33103360487753386,98.4544176789875,0.0
2023-01-12 16:00:00,25.056758672625623,0.30888505004666267,100.66770452391141,0.0
2023-01-12 17:00:00,25.331065337260522,0.23323278206449494,99.23765081809728,0.0
2023-01-12 18:00:00,25.793008408072676,0.31900989255029816,103.54054338344295,0.0
2023-01-12 19:00:00,24.381092250586576,0.3305292872641912,104.78351158397292,0.0
2023-01-12 20:00:00,26.066516687328132,0.327989522396552,96.07005269746026,0.0
2023-01-12 21:00:00,24.02395610023875,0.3540390362777311,93.3438352322111,0.0
2023-01-12 22:00:00,24.924107452482207,0.3416961077274452,90.81897313448351,0.0
2023-01-12 23:00:00,25.294158603242288,0.32295900396142185,102.53995663456271,0.0
2023-01-13 00:00:00,25.140495933867516,0.2964917144270676,94.48316696913064,0.0
2023-01-13 01:00:00,24.688650240089704,0.21695195332420042,89.23554703523759,0.0
2023-01-13 02:00:00,24.89593887482136,0.3214809109566293,101.94289302265481,0.0
2023-01-13 03:00:00,24.753499532670585,0.3103843843581555,112.46499758716395,0.0
2023-01-13 04:00:00,24.705317621527893,0.31357894185976865,99.96964544230053,0.0
2023-01-13 05:00:00,25.424801048510513,0.2361625712089845,104.19245387225821,0.0
2023-01-13 06:00:00,25.178507742982525,0.24594717297958688,100.40914679273783,0.0
2023-01-13 07:00:00,24.653545202369674,0.3526576426666452,99.50555173404429,0.0
2023-01-13 08:00:00,25.449799937716627,0.29802224230716723,104.59538241493884,0.0
2023-01-13 09:00:00,25.153649760438306,0.3340750348686312,98.54862727905675,0.0
2023-01-13 10:00:00,25.40643105941948,0.3014159188065231,101.33696157035952,0.0
2023-01-13 11:00:00,25.314814420961806,0.3014878069747873,101.60848903098007,0.0
2023-01-13 12:00:00,24.585502494538964,0.3469141902987999,96.65954773178476,0.0
2023-01-13 13:00:00,24.719909479901514,0.2741977635891313,104.96021174768262,0.0
2023-01-13 14:00:00,25.37364680256163,0.30480603884704915,99.12520121652295,0.0
2023-01-13 15:00:00,25.305185132716733,0.27688623556474784,96.22127420253578,0.0
2023-01-13 16:00:00,24.989549203017926,0.2782751886283842,102.68254921785201,0.0
2023-01-13 17:00:00,25.05866369165439,0.284541393826568,95.50766009104481,0.0
2023-01-13 18:00:00,25.638832447894213,0.3111066885816856,100.14090578684564,0.0
2023-01-13 19:00:00,24.704214305582084,0.2760625689168261,99.95440501677898,0.0
2023-01-13 20:00:00,25.27354869058502,0.362787806278676,105.42947782915789,0.0
2023-01-13 21:00:00,24.898903673783053,0.25526963488902477,102.37349116439977,0.0
2023-01-13 22:00:00,24.89115939838639,0.290656417791932,99.87486520627428,0.0
2023-01-13 23:00:00,25.549388425993595,0.2780134470862912,104.08883149600143,0.0
2023-01-14 00:00:00,25.412708174494014,0.37234889421768663,106.95103774508657,0.0
2023-01-14 01:00:00,25.40675481800032,0.30982773882557874,102.78905153175931,0.0
2023-01-14 02:00:00,25.652739403577165,0.35159222697343173,100.0517630992169,0.0
2023-01-14 03:00:00,25.01050192081638,0.22572198134815138,93.4408188382492,0.0
2023-01-14 04:00:00,25.34097648564748,0.3133525132934629,94.67443168462313,0.0
2023-01-14 05:00:00,24.84486662170327,0.34448153978117185,98.47387647822666,0.0
2023-01-14 06:00:00,25.16208317624422,0.3041141994637712,96.95243898920359,0.0
2023-01-14 07:00:00,24.934928472816157,0.3532740187532676,99.06514348507277,0.0
2023-01-14 08:00:00,25.048497982496357,0.2741355774949814,100.28324962448553,0.0
2023-01-14 09:00:00,31.81769044009766,1.0856687997289987,127.13266035111131,1.0
2023-01-14 10:00:00,24.590889658383265,0.4149449061809625,99.64750610970454,0.0
2023-01-14 11:00:00,26.04619363784273,0.28185807197801704,102.43250821913101,0.0
2023-01-14 12:00:00,24.49699130925015,0.27772487392996137,100.3223720740506,0.0
2023-01-14 13:00:00,24.392905693606135,0.372669223855885,90.12266716823065,0.0
2023-01-14 14:00:00,25.579055436750036,0.3789786072865356,95.30332303090623,0.0
2023-01-14 15:00:00,25.395831346981467,0.2738569986423366,99.27956222139193,0.0
2023-01-14 16:00:00,25.312059908526077,0.27899065914520715,93.95152628579446,0.0
2023-01-14 17:00:00,25.31417275463214,0.28591076955697464,102.99964364998102,0.0
2023-01-14 18:00:00,29.827665468319154,0.6689666873149624,128.38771922164622,1.0
2023-01-14 19:00:00,24.551372814257086,0.2540674026757901,106.09380925848659,0.0
2023-01-14 20:00:00,25.037902279096862,0.2497929616623966,98.93278564534896,0.0
2023-01-14 21:00:00,24.661419144243943,0.2616101217447936,107.45363068424976,0.0
2023-01-14 22:00:00,25.487559866708875,0.29826575563066093,100.74333728601056,0.0
2023-01-14 23:00:00,24.92647130924893,0.311710736626826,98.3145701444098,0.0
2023-01-15 00:00:00,24.587251401603744,0.3775250246407038,96.93298668229531,0.0
2023-01-15 01:00:00,24.839307079173505,0.2500822979630604,98.48765156755935,0.0
2023-01-15 02:00:00,25.20646572713781,0.34921611992382917,98.05911590729386,0.0
2023-01-15 03:00:00,24.718137723598012,0.28930055778872454,100.85208111187744,0.0
2023-01-15 04:00:00,24.588889802216784,0.29752681451737834,100.80286990524932,0.0
2023-01-15 05:00:00,25.121843605745955,0.3337409746083302,100.01523010076707,0.0
2023-01-15 06:00:00,25.12248328555436,0.24386389892188506,102.18469084873175,0.0
2023-01-15 07:00:00,24.746528412314436,0.3191204873092025,105.9532313739317,0.0
2023-01-15 08:00:00,24.76448084719084,0.3083226104106528,104.74777067720662,0.0
2023-01-15 09:00:00,25.11602496867882,0.32462256320040744,92.57551015775049,0.0
2023-01-15 10:00:00,24.27595782925134,0.3144584321953909,87.23039432549022,0.0
2023-01-15 11:00:00,24.296268112811724,0.4227650069955447,104.67159955619637,0.0
2023-01-15 12:00:00,24.640777889373783,0.26811300078743416,93.16560650792289,0.0
2023-01-15 13:00:00,24.893276424144076,0.2734501522499091,98.87617299053659,0.0
2023-01-15 14:00:00,25.155453782799004,0.26884297367876175,94.1494348697032,0.0
2023-01-15 15:00:00,25.737678108474775,0.27222614404198725,90.9900978120999,0.0
2023-01-15 16:00:00,25.42882981160101,0.2681306436346741,102.70731364102394,0.0
2023-01-15 17:00:00,24.920030735018287,0.3594508265553776,103.79577580151323,0.0
2023-01-15 18:00:00,24.990491896048656,0.3710252123994927,97.11744799636641,0.0
2023-01-15 19:00:00,24.498735317681096,0.27146268531252615,87.04478853927546,0.0
2023-01-15 20:00:00,24.990743432003804,0.25838222134478855,97.26877775873758,0.0
2023-01-15 21:00:00,24.85567068053993,0.3235707778193202,101.95902002701273,0.0
2023-01-15 22:00:00,25.161359280169044,0.2723888477859514,92.60544215612936,0.0
2023-01-15 23:00:00,24.58638452822384,0.33164659088777554,100.91679959889578,0.0
2023-01-16 00:00:00,25.259673257120586,0.310146151042565,99.92345075413502,0.0
2023-01-16 01:00:00,25.766369456501288,0.2242127942501384,102.89645749800545,0.0
2023-01-16 02:00:00,24.94561992577157,0.37737526006650307,100.59790184207077,0.0
2023-01-16 03:00:00,25.200855861049472,0.3897938836547761,95.13465529559222,0.0
2023-01-16 04:00:00,25.345071995855555,0.2693605654757807,105.98285750832245,0.0
2023-01-16 05:00:00,24.799389764057082,0.28061492200320076,99.20735213486515,0.0
2023-01-16 06:00:00,25.112046240905208,0.31429326953624526,99.86347730245033,0.0
2023-01-16 07:00:00,25.006296200390896,0.31672283949935126,95.33366020463401,0.0
2023-01-16 08:00:00,25.048838049274416,0.33292721363364153,97.78358874404245,0.0
2023-01-16 09:00:00,24.613495108072268,0.4005102269383175,95.5759864298655,0.0
2023-01-16 10:00:00,25.01225508712947,0.2911526386252975,99.13526970038288,0.0
2023-01-16 11:00:00,25.248999145622726,0.2600851377730773,108.55854240071172,0.0
2023-01-16 12:00:00,25.72557180389752,0.23103403859927363,93.14049428534322,0.0
2023-01-16 13:00:00,30.906028669517983,0.942461160818127,112.77546637044992,1.0
2023-01-16 14:00:00,26.076591228755778,0.29834365135631014,107.35585163746805,0.0
2023-01-16 15:00:00,24.616326218555976,0.3897278931758894,98.95338161424067,0.0
2023-01-16 16:00:00,25.43616031836034,0.2741194350481914,96.65463630670041,0.0
2023-01-16 17:00:00,25.091671002869177,0.3111893975819449,105.19952343698039,0.0
2023-01-16 18:00:00,26.094901466608835,0.2991788551963624,96.97192230131569,0.0
2023-01-16 19:00:00,24.595850857322425,0.3594196636724042,109.13004856773468,0.0
2023-01-16 20:00:00,26.570698330847605,0.7671414499329833,131.45073249797346,1.0
2023-01-16 21:00:00,24.70030367727799,0.27345656135398394,97.56044295927148,0.0
2023-01-16 22:00:00,23.938052137845098,0.27552802787408887,110.78654106632752,0.0
2023-01-16 23:00:00,24.73712248915962,0.3522080438534536,96.9714253849833,0.0
2023-01-17 00:00:00,24.62043366922315,0.3340945744813156,103.71047686004654,0.0
2023-01-17 01:00:00,25.075196893238104,0.39233536628680166,101.49646290203246,0.0
2023-01-17 02:00:00,25.17087798788858,0.3291964092662982,106.50870644699398,0.0
2023-01-17 03:00:00,25.938085419607944,0.282035395460647,107.80755598363426,0.0
2023-01-17 04:00:00,25.475211919093024,0.3295327415346154,100.16002074532884,0.0
2023-01-17 05:00:00,24.711548172168797,0.3554351790291454,96.23291064826908,0.0
2023-01-17 06:00:00,24.550792664325822,0.3410241090598682,102.29986071469558,0.0
2023-01-17 07:00:00,27.433324658409582,0.674969835207601,114.19611789282226,1.0
2023-01-17 08:00:00,24.33988339648968,0.3533337344794577,110.06693623763312,0.0
2023-01-17 09:00:00,25.915729382927175,0.3584647795222836,100.68267665541369,0.0
2023-01-17 10:00:00,25.589720060360644,0.36910794955187637,98.17339224343945,0.0
2023-01-17 11:00:00,24.76541217394765,0.3324354943794821,100.92340152932454,0.0
2023-01-17 12:00:00,24.14343273545456,0.29164409598415725,93.26436855235151,0.0
2023-01-17 13:00:00,25.676936187082706,0.30733568432166614,95.14192980744674,0.0
2023-01-17 14:00:00,24.942730077373692,0.36032544832541785,106.00206953972213,0.0
2023-01-17 15:00:00,25.61890815598673,0.25915321645063816,96.71552860514302,0.0
2023-01-17 16:00:00,24.202786170602817,0.31843366544364504,94.7654450865903,0.0
2023-01-17 17:00:00,24.700312488523114,0.28033305938363196,102.68326376263643,0.0
2023-01-17 18:00:00,25.002621849859093,0.30143724114674086,105.92852077331499,0.0
2023-01-17 19:00:00,25.023490296882372,0.3639225931303649,103.59476655332533,0.0
2023-01-17 20:00:00,24.77496726426038,0.30955495340099515,104.98023842902909,0.0
2023-01-17 21:00:00,25.31142496617375,0.30232182740780744,96.21602455715269,0.0
2023-01-17 22:00:00,24.466189785308703,0.23200719295100403,92.89094666629079,0.0
2023-01-17 23:00:00,24.928810257489353,0.337312678301361,107.50666825977743,0.0
2023-01-18 00:00:00,25.06014781585595,0.33227420905705374,98.38660080578933,0.0
2023-01-18 01:00:00,25.257219417029376,0.408162736165273,98.74583491772476,0.0
2023-01-18 02:00:00,25.355807439044444,0.28461108825234993,106.6409707092453,0.0
2023-01-18 03:00:00,24.437678954081065,0.31095751638319696,102.7811500470033,0.0
2023-01-18 04:00:00,24.23294291463219,0.31246918418553776,102.27943886040804,0.0
2023-01-18 05:00:00,25.638838410949255,0.3788726639881737,110.82501172450542,0.0
2023-01-18 06:00:00,25.166157005989795,0.2952352233806524,96.78240884809928,0.0
2023-01-18 07:00:00,24.625756731721722,0.31395107628851693,104.63920064040619,0.0
2023-01-18 08:00:00,25.77557598776126,0.33039482548582694,100.28506562448543,0.0
2023-01-18 09:00:00,25.05783731714643,0.3093304561578179,101.34296139431629,0.0
2023-01-18 10:00:00,25.589648592031914,0.27767831927247355,107.64234213206265,0.0
2023-01-18 11:00:00,25.033759240705056,0.30970449964491537,102.53917878144811,0.0
2023-01-18 12:00:00,26.030373962440994,0.3536815874929886,102.69148039524816,0.0
2023-01-18 13:00:00,25.8776704212216,0.24867423502944697,105.362536686549,0.0
2023-01-18 14:00:00,24.875517925760462,0.30664848370734377,98.17523635228558,0.0
2023-01-18 15:00:00,25.48578547547718,0.2649939592530413,95.80395166330497,0.0
2023-01-18 16:00:00,25.322687974792572,0.35975233144624214,94.77595402989483,0.0
2023-01-18 17:00:00,25.684315778766173,0.22384065476081125,90.16821705311999,0.0
2023-01-18 18:00:00,30.86021842261088,0.45581576722999384,127.03102274558431,1.0
2023-01-18 19:00:00,25.34302572999922,0.31886059375322606,94.48395817139158,0.0
2023-01-18 20:00:00,25.529212243424794,0.37827620146171703,98.89373188207114,0.0
2023-01-18 21:00:00,24.12063025678844,0.2967124869463506,98.6159335005554,0.0
2023-01-18 22:00:00,24.408370743667113,0.27224002366534006,101.5370334890455,0.0
2023-01-18 23:00:00,23.98038391111995,0.3940578534720295,104.07868606269648,0.0
2023-01-19 00:00:00,24.86529658277772,0.2275993049791878,104.30236744179872,0.0
2023-01-19 01:00:00,25.35877112789798,0.19005970216899587,97.08461280715531,0.0
2023-01-19 02:00:00,25.751178526048015,0.3220007225026666,99.16439143106794,0.0
2023-01-19 03:00:00,25.03704739020989,0.2748972887823694,101.4128997524415,0.0
2023-01-19 04:00:00,25.814307772785646,0.24893835914346432,98.75654436908226,0.0
2023-01-19 05:00:00,24.309949270892556,0.33541782236496764,108.03672788009996,0.0
2023-01-19 06:00:00,24.148308780322424,0.3121900356885599,102.45487475819125,0.0
2023-01-19 07:00:00,24.97222615055169,0.27179606846316356,103.67438893024908,0.0
2023-01-19 08:00:00,25.192032724469655,0.23598478006645526,103.31440634333707,0.0
2023-01-19 09:00:00,24.983652625952953,0.34362286641400724,105.86736928742663,0.0
2023-01-19 10:00:00,23.96627894998006,0.33251005889793306,100.90510779351854,0.0
2023-01-19 11:00:00,24.955439980243607,0.29504120681103085,93.51584026022077,0.0
2023-01-19 12:00:00,24.347765249747575,0.3923318498023833,101.99843975876321,0.0
2023-01-19 13:00:00,25.334836274415018,0.24649576168369236,96.74321553104086,0.0
2023-01-19 14:00:00,25.183299123048425,0.22372374145376306,97.35691659125122,0.0
2023-01-19 15:00:00,24.530060106836324,0.2654045965059378,102.93182009377547,0.0
2023-01-19 16:00:00,24.743066541331654,0.2977206991822251,106.19141535716818,0.0
2023-01-19 17:00:00,24.470393239055525,0.31216697246613456,100.1063578836803,0.0
2023-01-19 18:00:00,24.968660451363416,0.2879381971071835,101.54416506299482,0.0
2023-01-19 19:00:00,25.47757116025062,0.31760276982571484,108.5110747231762,0.0
2023-01-19 20:00:00,24.50713697683223,0.23742302879047777,101.20376589744284,0.0
2023-01-19 21:00:00,25.25202325775892,0.372188230203663,113.00841557090197,0.0
2023-01-19 22:00:00,24.73487119081378,0.29589244108037155,102.82754822815772,0.0
2023-01-19 23:00:00,24.603563583868826,0.35586479157940637,91.19618620422091,0.0
2023-01-20 00:00:00,24.94648482002272,0.3171362673188852,103.76670810552267,0.0
2023-01-20 01:00:00,24.482378838790314,0.3228376609576892,101.90579192441389,0.0
2023-01-20 02:00:00,24.72317534732641,0.3284883640116102,106.44876377041373,0.0
2023-01-20 03:00:00,24.401061053705575,0.3223854280008657,103.36590675634979,0.0
2023-01-20 04:00:00,25.982362566458196,0.33213613799337716,99.30772008008113,0.0
2023-01-20 05:00:00,25.017631775985866,0.36645762650662156,93.87850881855317,0.0
2023-01-20 06:00:00,24.65013724600371,0.3098260584850735,98.95488371356987,0.0
2023-01-20 07:00:00,25.106989955367112,0.3354501878794256,95.7473977289535,0.0
2023-01-20 08:00:00,24.943835975154585,0.2955132152856387,97.09738275097638,0.0
2023-01-20 09:00:00,24.88951520023339,0.37200586077247366,102.94289202210305,0.0
2023-01-20 10:00:00,25.307083350021713,0.2661803848970365,108.34952252175702,0.0
2023-01-20 11:00:00,25.378753855023653,0.3900470216455408,101.9733576491149,0.0
2023-01-20 12:00:00,24.734749426194735,0.2979921024677828,94.02058468982408,0.0
2023-01-20 13:00:00,24.71209087967766,0.22846124489409758,102.22301334110071,0.0
2023-01-20 14:00:00,24.862474151424177,0.30640522074553944,105.98315743322826,0.0
2023-01-20 15:00:00,29.48738843847057,0.46320453860369054,115.89543428426461,1.0
2023-01-20 16:00:00,24.242404468900723,0.3420321774494362,99.3299141666354,0.0
2023-01-20 17:00:00,25.68343713372226,0.2673688010348804,100.07344097364599,0.0
2023-01-20 18:00:00,25.82248385675064,0.277690828339261,96.0755084345888,0.0
2023-01-20 19:00:00,24.87548198022181,0.20552296345272342,103.2414021692193,0.0
2023-01-20 20:00:00,25.288278481527882,0.2773846840375461,99.3952592569611,0.0
2023-01-20 21:00:00,25.155625077271768,0.17880603366855213,102.09766221953514,0.0
2023-01-20 22:00:00,26.53944040422762,0.22080485882571382,95.5625391109895,0.0
2023-01-20 23:00:00,25.559787455717288,0.33802073280721484,97.81270849838295,0.0
2023-01-21 00:00:00,24.936041204259617,0.3392900079325416,103.61190678913886,0.0
2023-01-21 01:00:00,24.52222977969979,0.3212728780892482,98.13583423954117,0.0
2023-01-21 02:00:00,24.196776839871212,0.2516511928435393,108.63481925616702,0.0
2023-01-21 03:00:00,25.10173181793361,0.297614432192901,98.00181907192699,0.0
2023-01-21 04:00:00,24.62182462735785,0.2998198730454716,101.12342362875943,0.0
2023-01-21 05:00:00,24.288873145201162,0.24208176554037286,104.66295415936546,0.0
2023-01-21 06:00:00,24.676713557878738,0.3751699150883575,92.90817133533484,0.0
2023-01-21 07:00:00,24.459225998192803,0.3438681145287836,91.19595594009613,0.0
2023-01-21 08:00:00,25.843570817536282,0.2889517913085168,92.37171842714953,0.0
2023-01-21 09:00:00,25.440819878474727,0.3013442919497265,106.31292051713591,0.0
2023-01-21 10:00:00,24.99601367934169,0.3104191403973776,97.24070927053776,0.0
2023-01-21 11:00:00,25.739972069445013,0.19791325657878545,112.79099642834126,0.0
2023-01-21 12:00:00,25.03868415382381,0.28764113087397014,97.17876200671306,0.0
2023-01-21 13:00:00,24.56935789933587,0.26590078760011004,100.92275651598518,0.0
2023-01-21 14:00:00,25.76156203863483,0.2499189995052542,107.71054976283938,0.0
2023-01-21 15:00:00,25.26945502184233,0.28594498535570223,110.03046444079561,0.0
2023-01-21 16:00:00,24.481376922836773,0.3898843263424761,110.30751788318199,0.0
2023-01-21 17:00:00,24.904830660958197,0.3320421430633505,106.04183115296571,0.0
2023-01-21 18:00:00,24.56219087330762,0.27144105051086015,105.12031262905731,0.0
2023-01-21 19:00:00,24.30860013451783,0.32862913906780794,102.96263474600592,0.0
